{"nodes":[{"name":"category1","group":"category"},{"name":"category2","group":"category"},{"name":"category3","group":"category"},{"name":"action1","group":"action"},{"name":"action2","group":"action"},{"name":"action3","group":"action"},{"name":"action4","group":"action"},{"name":"action5","group":"action"},{"name":"action6","group":"action"},{"name":"action7","group":"action"},{"name":"action8","group":"action"},{"name":"action9","group":"action"},{"name":"label1","group":"label"},{"name":"label12","group":"label"},{"name":"label13","group":"label"},{"name":"label14","group":"label"},{"name":"label18","group":"label"},{"name":"label23","group":"label"},{"name":"label24","group":"label"},{"name":"label25","group":"label"},{"name":"label26","group":"label"},{"name":"label27","group":"label"},{"name":"label29","group":"label"},{"name":"label30","group":"label"},{"name":"label32","group":"label"},{"name":"label35","group":"label"},{"name":"label37","group":"label"},{"name":"label41","group":"label"},{"name":"label43","group":"label"},{"name":"label46","group":"label"},{"name":"label48","group":"label"},{"name":"label5","group":"label"},{"name":"label53","group":"label"},{"name":"label55","group":"label"},{"name":"label56","group":"label"},{"name":"label57","group":"label"},{"name":"label58","group":"label"},{"name":"label6","group":"label"},{"name":"label60","group":"label"},{"name":"label62","group":"label"},{"name":"label64","group":"label"},{"name":"label65","group":"label"},{"name":"label66","group":"label"},{"name":"label68","group":"label"},{"name":"label69","group":"label"},{"name":"label72","group":"label"},{"name":"label75","group":"label"},{"name":"label76","group":"label"},{"name":"label78","group":"label"},{"name":"label8","group":"label"},{"name":"label80","group":"label"},{"name":"label81","group":"label"},{"name":"label83","group":"label"},{"name":"label84","group":"label"},{"name":"label86","group":"label"},{"name":"label88","group":"label"},{"name":"label89","group":"label"},{"name":"label9","group":"label"},{"name":"label93","group":"label"},{"name":"label94","group":"label"},{"name":"label95","group":"label"},{"name":"label99","group":"label"}],"links":[{"source":0,"target":3,"value":826},{"source":0,"target":4,"value":972},{"source":0,"target":5,"value":984},{"source":0,"target":6,"value":1734},{"source":0,"target":7,"value":63},{"source":0,"target":8,"value":971},{"source":0,"target":9,"value":266},{"source":0,"target":10,"value":164},{"source":1,"target":3,"value":816},{"source":1,"target":4,"value":195},{"source":1,"target":5,"value":1914},{"source":1,"target":6,"value":1033},{"source":1,"target":7,"value":1209},{"source":1,"target":8,"value":227},{"source":1,"target":10,"value":1182},{"source":1,"target":11,"value":1641},{"source":2,"target":4,"value":179},{"source":2,"target":5,"value":3028},{"source":2,"target":6,"value":738},{"source":2,"target":7,"value":453},{"source":2,"target":8,"value":1296},{"source":2,"target":9,"value":1948},{"source":2,"target":10,"value":2043},{"source":2,"target":11,"value":597},{"source":3,"target":23,"value":577},{"source":3,"target":29,"value":816},{"source":3,"target":40,"value":249},{"source":4,"target":18,"value":179},{"source":4,"target":22,"value":277},{"source":4,"target":25,"value":195},{"source":4,"target":48,"value":695},{"source":5,"target":16,"value":347},{"source":5,"target":19,"value":793},{"source":5,"target":24,"value":684},{"source":5,"target":26,"value":625},{"source":5,"target":32,"value":955},{"source":5,"target":33,"value":729},{"source":5,"target":45,"value":605},{"source":5,"target":47,"value":984},{"source":5,"target":50,"value":204},{"source":6,"target":12,"value":527},{"source":6,"target":14,"value":837},{"source":6,"target":27,"value":443},{"source":6,"target":55,"value":506},{"source":6,"target":56,"value":454},{"source":6,"target":59,"value":650},{"source":6,"target":61,"value":88},{"source":7,"target":15,"value":443},{"source":7,"target":31,"value":63},{"source":7,"target":37,"value":453},{"source":7,"target":38,"value":322},{"source":7,"target":43,"value":435},{"source":7,"target":57,"value":9},{"source":8,"target":36,"value":971},{"source":8,"target":46,"value":337},{"source":8,"target":53,"value":227},{"source":8,"target":58,"value":959},{"source":9,"target":20,"value":200},{"source":9,"target":28,"value":579},{"source":9,"target":35,"value":338},{"source":9,"target":39,"value":66},{"source":9,"target":41,"value":275},{"source":9,"target":54,"value":420},{"source":9,"target":60,"value":336},{"source":10,"target":13,"value":164},{"source":10,"target":17,"value":823},{"source":10,"target":30,"value":214},{"source":10,"target":34,"value":887},{"source":10,"target":42,"value":261},{"source":10,"target":44,"value":942},{"source":10,"target":52,"value":98},{"source":11,"target":21,"value":700},{"source":11,"target":49,"value":941},{"source":11,"target":51,"value":597}]}